Workbook

Sheet Overview
A1: Field | B1: Description
A2: System Name | B2: Adventure / Shards (Dungeon) System
A3: Tagline | B3: Dive into fading memories: fight, rescue, brew on the run, and get out before it collapses.
A4: Purpose | B4: Provide high-agency runs that convert care at base into risk/reward exploration, feeding Relics, Potions, and Charms.
A5: One‑line Summary | B5: Enter procedurally rolled Shards of the past with a companion ghost, clear rooms, craft on the fly, and extract before collapse.
A6: Core Loop | B6: Gate (Memento) → Select Loadout/Companion → Roll Shard Map → Run Rooms → Loot/Craft/Rescue → Boss → Extract → Fallout
A7: Key Systems Touched | B7: Mementos, Essence, Remains, Relic Fragments, Potions/Alchemy Rooms, Companion Temperaments, DropTables, Requests
A8: Out of Scope (v1) | B8: Branching story rooms, meta storylines inside dungeons, complex platforming.
A9: Success Criteria | B9: • Runs feel distinct but readable • Risk increases over time • Bosses pay out • Companion passives matter • Extraction tension is real
A10: Author | B10: Brandon (Caretaker Designer)
A11: Version | B11: 1.0
A12: Last Updated | B12: 2025-11-01 02:56 UTC

Sheet Core_Loop
A1: Phase | B1: Name | C1: What Happens | D1: Rules | E1: UX Cues
A2: 1 | B2: Open Gate (Memento) | C2: Consume 1 Memento to seed a Shard map with a daily RNG. | D2: Locks biome/theme, modifier seed, mishap bias. | E2: Gate UI → Biome card + warnings.
A3: 2 | B3: Loadout & Companion | C3: Pick 2–3 potions, select a companion ghost, equip 1 charm (caretaker). | D3: Companion passive based on Temperament + Bond. | E3: Prep panel shows passive + synergy hints.
A4: 3 | B4: Run Rooms | C4: Proceed room-by-room; clear objectives to open doors. | D4: Room taxonomy/weights roll per seed; collapse timer ticks. | E4: Minimap, room icons, timer bar.
A5: 4 | B5: On-Run Craft | C5: Alchemy Rooms allow brewing with in-room nodes; mishap bias +10%. | D5: Room spawns 2–4 herb nodes + 1–2 Ecto + 0–1 Remains. | E5: Brew station with short timer and risk.
A6: 5 | B6: Boss & Extraction | C6: Defeat boss; rare fragment payout; extraction node opens. | D6: Option to linger for more loot increases collapse risk. | E6: Post-boss fork: Extract or Continue.
A7: 6 | B7: Return & Fallout | C7: Convert loot → base economy; apply residual corruption (optional), companion mood changes. | D7: Requests can spawn based on run choices. | E7: Loot cards; companion dialogue; day summary.

Sheet Shard_Generation
A1: Aspect | B1: Description
A2: Seed Model | B2: Daily seed + per-run offset; biome determines base weights and tileset.
A3: Map Size | B3: Small (6–8 rooms), Medium (9–12), Large (13–16); locked by upgrade or story.
A4: Graph | B4: Linear branches w/ loops; guaranteed Start, Mid-Elite, Alchemy (20–40% chance), Boss, 0–2 Chests.
A5: Room Roll | B5: Weighted by Taxonomy table; pity counters for missing key rooms (Chest/Alchemy/Rescue).
A6: Biome Mods | B6: Withered Parish (balanced), Dream Trenches (more Alchemy, more mishaps), Lantern Isles (fewer elites, more traps).
A7: Collapse Timer | B7: Starts at T0; increases per room/loot; kills on time-out; see Collapse sheet.

Sheet Room_Taxonomy
A1: RoomType | B1: Description | C1: Notes
A2: COMBAT | B2: Fight room; clear all to open doors. | C2: Base run content; chance for small drops.
A3: CHEST | B3: Loot chest; puzzle/lock optional. | C3: Tokens, Potions, Seeds, SO-rarity items.
A4: ALCHEMY | B4: On-run brewing; nodes spawn in-room. | C4: Shorter brew time; +10% mishap bias.
A5: RESCUE | B5: Free trapped soul; choose Bind/Release/Harvest. | C5: Relic fragments chance; triggers moral choice.
A6: ELITE | B6: Elite enemy; harder fight; better drops. | C6: Higher Relic Fragment chance.
A7: BOSS | B7: End fight; opens extraction and big loot. | C7: 1–3 unique Relic Fragments; guaranteed.
A8: EVENT (opt) | B8: Flavor or risk/reward room. | C8: Pick one of two options; small buffs/penalties.

Sheet Collapse_Extraction
A1: Aspect | B1: Rule
A2: Timer Start | B2: 120 sec (Small), 180 sec (Med), 240 sec (Large).
A3: Per-Room Cost | B3: +15/20/25 sec (combat rooms); +10 sec (non-combat).
A4: Loot Drag | B4: +3 sec per chest opened; +2 sec per potion brewed; +5 sec per rescue.
A5: Mishap Overhead | B5: +5 sec per mishap effect.
A6: Extension (rare) | B6: Event room can add +30 sec once.
A7: Extraction Rules | B7: Post-boss: Extraction node opens; can continue for risk/reward; timer persists.
A8: Fail Condition | B8: If timer hits 0: Forced extraction with drop-loss penalty (e.g., −30% Remains/Fragments).

Sheet Drops
A1: Drop | B1: Where/How | C1: Purpose
A2: Essence | B2: All rooms; scales with run depth and harmony. | C2: Base energy for rituals and crafting.
A3: Remains | B3: Combat/Elite/Boss; scales with difficulty. | C3: Ritual fuel/catalyst; potion catalyst.
A4: Relic Fragments | B4: Elite/Boss (guaranteed on boss). | C4: Craft into Charms; late-game build driver.
A5: Mementos (Trickle) | B5: Milestone events or perfect rooms. | C5: Encourage care→explore loop; small chance only.
A6: Herbs (On-Run) | B6: Alchemy Rooms and herb nodes; biome-specific. | C6: Feeds Potions mid-run; ties Garden to dungeons.
A7: Potions (Pickup) | B7: Chests/Events. | C7: Emergency heals/utility; rarity-weighted.

Sheet Risk_Modifiers
A1: Modifier | B1: Effect
A2: On-Run Mishap Bias | B2: +10% mishap chance in Alchemy Rooms.
A3: Hard Mode | B3: +Elite frequency, −Chest frequency, −Timer start.
A4: Cursed Biome | B4: +Rot rooms; −healing effectiveness; +Remains yield.
A5: Companion Unhappy | B5: Random prank/mood events; −Fit on tasks; small mishaps.
A6: Boss Enrage | B6: Boss gains a new pattern if timer below 30 sec.

Sheet Companion_Passives
A1: Temperament (Passive) | B1: Benefit | C1: Quirk / Tradeoff
A2: Mournful | B2: +Small regen aura (1hp/5s) | C2: −10% collapse drag on rescues times (less emotional labor).
A3: Trickster | B3: +Chance to disarm trap on entry | C3: Random prank: low chance to misplace a chest item (fun risk).
A4: Spiteful | B4: +10% damage below 30% HP | C4: Small chance to break environmental hazard helping you.
A5: Cold | B5: +5% damage resist when standing still | C5: Immune to fear traps; ignores hallucination rooms.
A6: Fanatic | B6: +10% damage in boss rooms | C6: +2 Grace on boss kill (once/run).
A7: Lonely | B7: +Move speed when near player | C7: Bond gain doubles if kept close entire run.
A8: Gloomy | B8: −Mishap severity by 10% | C8: Immune to despair events.
A9: Bright | B9: +5% Essence drop multiplier | C9: −Flicker gain for caretaker while nearby.
A10: Anxious | B10: +Elite drop +5% when on task | C10: Small panic aura if idle too long (spawns 1 weak add).
A11: Stoic | B11: Negate first hit every 90s | C11: −5% collapse drag from loot interactions.

Sheet Hooks
A1: Hook ID | B1: Context / Feature | C1: Unity Component / Script | D1: Key Fields / Serialized Props | E1: Events (Invoke/Listen) | F1: Triggered By | G1: Emits / Subscribes To | H1: Expected Prefab / Asset | I1: Notes / Integration
A2: HK_ProcGen | B2: Shard layout & room rolls | C2: KD.Adventure.ProcGen | D2: seed, roomWeights{}, pity{}, size | E2: OnSeed | F2: Gate open | G2: Emit: MapGenerated | H2: — | I2: Deterministic per seed + offset.
A3: HK_Encounter | B3: Room driver & objective | C3: KD.Adventure.Encounter | D3: typeId, objectives[], lootHooks | E3: OnEnter, OnClear | F3: Room enter/exit | G3: Emit: Cleared, Loot | H3: PF_Room_* | I3: Controls doors & UI.
A4: HK_DropTable | B4: Per-biome/room drops | C4: KD.Adventure.DropTable | D4: weights{}, pityCounters{} | E4: OnEnemyDefeated, OnChestOpen | F4: Kills/Chest | G4: Emit: SpawnDrop | H4: SO_DropTables | I4: Handles Essence/Remains/Fragments/Herbs.
A5: HK_CollapseClock | B5: Collapse/extraction timer | C5: KD.Adventure.CollapseClock | D5: timeStart, dragRules{}, paused | E5: OnTick, OnPause, OnZero | F5: Room actions; pausing events | G5: Emit: TimerUI | H5: UI_Timer, SFX_Tick | I5: Tracks overheads and fail penalty.
A6: HK_AlchemyRoom | B6: On-run brew station | C6: KD.Adventure.AlchemyRoom | D6: nodes[], mishapBias | E6: OnRoomEnter, OnBrewStart/Finish | F6: Room enter; brew | G6: Emit: PotionSpawned | H6: PF_AlchemyRoom | I6: Shorter brew + mishap bias.
A7: HK_Companion | B7: Follower assist logic | C7: KD.Adventure.Companion | D7: temperamentId, bond, passives{} | E7: OnRoomEnter, OnCombatStart | F7: Player proximity, combat | G7: Emit: PassiveBark | H7: PF_Companion_* | I7: Applies passives/quirks.

Sheet Tuning_Defaults
A1: Parameter | B1: Default | C1: Min | D1: Max | E1: Notes
A2: timer_start_small | B2: 120 | C2: 60 | D2: 240 | E2: Initial time for Small maps
A3: timer_start_medium | B3: 180 | C3: 90 | D3: 300 | E3: Initial time for Medium maps
A4: timer_start_large | B4: 240 | C4: 120 | D4: 360 | E4: Initial time for Large maps
A5: drag_per_combat_room | B5: 20 | C5: 10 | D5: 40 | E5: Time overhead per combat room
A6: drag_per_noncombat_room | B6: 10 | C6: 5 | D6: 25 | E6: Time overhead per non-combat room
A7: drag_per_chest | B7: 3 | C7: 0 | D7: 10 | E7: Time drag per chest open
A8: drag_per_brew | B8: 2 | C8: 0 | D8: 8 | E8: Time drag per potion brewed (on-run)
A9: drag_per_rescue | B9: 5 | C9: 0 | D9: 15 | E9: Time drag per rescue
A10: mishap_bias_alchemy | B10: 0.1 | C10: 0 | D10: 0.3 | E10: Additional mishap chance in Alchemy Rooms
A11: elite_weight | B11: 1 | C11: 0.5 | D11: 2 | E11: Relative frequency for Elite rooms
A12: chest_weight | B12: 1 | C12: 0.5 | D12: 2 | E12: Relative frequency for Chests
A13: alchemy_weight | B13: 0.8 | C13: 0.2 | D13: 1.5 | E13: Relative frequency for Alchemy Rooms
A14: rescue_weight | B14: 0.7 | C14: 0.2 | D14: 1.5 | E14: Relative frequency for Rescue Rooms

Sheet Resource_Summary
A1: Resource | B1: Description | C1: Acquired From | D1: Used For
A2: Mementos | B2: Keys to open Shards; consumed on entry. | C2: Base harmony & Release rewards. | D2: Gate runs; pace exploration.
A3: Essence | B3: Primary drop across rooms; scales with depth. | C3: Combat & clear bonuses. | D3: Fuel for rituals/potions; upgrade currency.
A4: Remains | B4: Drop from elite/boss kills. | C4: Combat success. | D4: Ritual fuel/catalyst.
A5: Relic Fragments | B5: Drop from elites/bosses (guaranteed on boss). | C5: Encounter success. | D5: Charms crafting via Relic Forge.
A6: Herbs & Potions | B6: Found/brewed in Alchemy Rooms. | C6: Room-specific interactions. | D6: Mid-run sustain; utility choices.

Sheet External_Links
A1: LinkKey | B1: Excel_Formula | C1: Notes
A2: Essence_Token_Value | B2: 0 | C2: Token value of 1 Essence
A3: Remains_Token_Value | B3: 0 | C3: Token value of 1 Remain
A4: Token_Token_Value | B4: 0 | C4: Face value per Token (default 1)
A5: Essence_Token_Value | B5: 0 | C5: Token value of 1 Essence
A6: Remains_Token_Value | B6: 0 | C6: Token value of 1 Remain
A7: Token_Token_Value | B7: 0 | C7: Face value per Token (default 1 if missing)
A8: Calmleaf_BaseValue_From_Resources | B8: 0 | C8: Calmleaf proxy via Whisperbloom Flower value
A9: Joyblossom_BaseValue_From_Resources | B9: 0 | C9: Joyblossom proxy via Mirthpetal bundle value
A10: Wardstem_BaseValue_From_Resources | B10: 0 | C10: Wardstem proxy via Griefroot Thorns value
A11: Swiftroot_BaseValue_From_Resources | B11: 0 | C11: Swiftroot proxy via Lament Lily nectar value

Sheet Computed_Metrics
A1: Metric | B1: Formula (Excel) | C1: Var1 | D1: Var2 | E1: Var3 | F1: Var4 | G1: Var5 | H1: Var6
A2: Expected Essence / Run | B2: 0 | C2: Rooms | D2: EssencePerRoom | E2: DepthMult
A3: Expected Remains / Run | B3: 0 | C3: Elites | D3: RemainsPerElite | E3: Bosses | F3: RemainsPerBoss
A4: Expected Fragments / Run | B4: 0 | C4: Elites | D4: FragDropRate | E4: Bosses | F4: AVG_FragmentsPerBoss
A5: Timer Budget (sec) | B5: 0 | C5: TimerStart | D5: Rooms | E5: Chests | F5: Brews | G5: Rescues
A6: Failure Risk (drag) | B6: 0 | C6: TimerBudget | D6: TimerSpent
A7: Tokenized Value / Run | B7: 0 | C7: EssenceRun | D7: RemainsRun | E7: TokensRun

Sheet Room_Weights
A1: Biome | B1: COMBAT | C1: CHEST | D1: ALCHEMY | E1: RESCUE | F1: ELITE | G1: EVENT | H1: BOSS
A2: Withered Parish | B2: 1 | C2: 1 | D2: 0.8 | E2: 0.8 | F2: 1 | G2: 0.8 | H2: 1
A3: Dream Trenches | B3: 1 | C3: 0.9 | D3: 1.2 | E3: 0.9 | F3: 1.1 | G3: 1 | H3: 1
A4: Lantern Isles | B4: 1.2 | C4: 1.1 | D4: 0.6 | E4: 0.7 | F4: 0.8 | G4: 1 | H4: 1

Sheet Run_Budget
A1: Key | B1: Value | C1: Notes
A2: TimerStart | B2: 180 | C2: Pick size: Small=120, Med=180, Large=240
A3: CombatRooms | B3: 6 | C3: Rooms that add drag_per_combat_room
A4: NonCombatRooms | B4: 3 | C4: Rooms that add drag_per_noncombat_room
A5: Chests | B5: 2 | C5: Chests opened; adds drag_per_chest each
A6: Brews | B6: 2 | C6: Potions brewed; adds drag_per_brew each (on-run)
A7: Rescues | B7: 1 | C7: Souls rescued; adds drag_per_rescue each
A8: Mishaps | B8: 1 | C8: Mishap overhead; +5s each (baseline)
A9: TimerSpent | B9: 260 | C9: Rough sum of actual time you took (for comparison)
A12: TimerBudget (sec) | B12: 0
A13: TimerSpent (sec) | B13: 0
A14: Fail (1=yes) | B14: 0

Sheet Alchemy_Value
A1: Key | B1: Value | C1: Notes
A2: HerbNodes_PerRoom | B2: 3 | C2: Avg herb nodes in an Alchemy room (2–4 typical)
A3: EctoplasmNodes_PerRoom | B3: 1 | C3: Avg ectoplasm nodes in-room (globs)
A4: RemainsNodes_PerRoom | B4: 0.25 | C4: Avg remains urn chance/room (0–1)
A5: Rooms_With_Alchemy | B5: 1 | C5: How many Alchemy rooms per run (expected)

Sheet Alchemy_Calc
A1: Metric | B1: Formula (Excel) | C1: Notes
A2: AvgCommonHerbValue_Tokens | B2: 0 | C2: Mean of four herb proxies
A3: Ectoplasm_Value_Tokens | B3: 0 | C3: Proxy: use Essence token value for ectoplasm (adjust if you add token_value_per_ectoplasm)
A4: Remains_Value_Tokens | B4: 0 | C4: Remains token value from Globals
A5: ExpectedBrewValue_PerRoom | B5: 0 | C5: Room value = HerbNodes*AvgHerb + Ecto*EctoValue + Remains*RemainsValue
A6: ExpectedBrewValue_PerRun | B6: 0 | C6: Run value = per-room * number of Alchemy rooms

Sheet Data_Biomes
A1: Biome | B1: COMBAT | C1: CHEST | D1: ALCHEMY | E1: RESCUE | F1: ELITE | G1: EVENT | H1: BOSS
A2: Withered Parish | B2: 1 | C2: 1 | D2: 0.8 | E2: 0.8 | F2: 1 | G2: 0.8 | H2: 1
A3: Dream Trenches | B3: 1 | C3: 0.9 | D3: 1.2 | E3: 0.9 | F3: 1.1 | G3: 1 | H3: 1
A4: Lantern Isles | B4: 1.2 | C4: 1.1 | D4: 0.6 | E4: 0.7 | F4: 0.8 | G4: 1 | H4: 1

Sheet Biome_Profile
A1: Biome Profile Dashboard | B1: Unnamed: 1 | C1: Unnamed: 2 | D1: Unnamed: 3 | E1: HardMode & Cursed Multipliers | F1: Unnamed: 5 | G1: Unnamed: 6 | H1: Unnamed: 7 | I1: Unnamed: 8 | J1: Unnamed: 9
D2: EliteFreqMult | E2: ='Risk_Inputs'!B3 -> 0
A3: Select Biome: | D3: ChestFreqMult | E3: ='Risk_Inputs'!B4 -> 0 | F3: Normalized | G3: Expected Count | I3: Value Component | J3: Tokens
D4: TimerStartMult | E4: {=_xlfn.XLOOKUP($B$3,Weight_Editor!$A:$A,INDEX(Weight_Editor!$A:$Z,0,MATCH(D4,Weight_Editor!$1:$1,0)),0)} -> 0 | F4: =IF($I$11=0,0,H4/$I$11) -> 0 | G4: =$B$5*F4 -> 0 | H4: =E4*IF(D4="ELITE",$E$2,IF(D4="CHEST",$E$3,1)) -> 0 | I4: Essence Value | J4: 0
A5: Total Rooms | B5: 10 | D5: MishapBiasAdd | E5: {=_xlfn.XLOOKUP($B$3,Weight_Editor!$A:$A,INDEX(Weight_Editor!$A:$Z,0,MATCH(D5,Weight_Editor!$1:$1,0)),0)} -> 0 | F5: =IF($I$11=0,0,H5/$I$11) -> 0 | G5: =$B$5*F5 -> 0 | H5: =E5*IF(D5="ELITE",$E$2,IF(D5="CHEST",$E$3,1)) -> 0 | I5: Remains Value | J5: 0
A6: Essence/Combat Room | B6: 3 | D6: ALCHEMY | E6: {=_xlfn.XLOOKUP($B$3,Weight_Editor!$A:$A,INDEX(Weight_Editor!$A:$Z,0,MATCH(D6,Weight_Editor!$1:$1,0)),0)} -> 0 | F6: =IF($I$11=0,0,H6/$I$11) -> 0 | G6: =$B$5*F6 -> 0 | H6: =E6*IF(D6="ELITE",$E$2,IF(D6="CHEST",$E$3,1)) -> 0 | I6: Chest Tokens | J6: 0
A7: Remains per Elite | B7: 1 | D7: RESCUE | E7: {=_xlfn.XLOOKUP($B$3,Weight_Editor!$A:$A,INDEX(Weight_Editor!$A:$Z,0,MATCH(D7,Weight_Editor!$1:$1,0)),0)} -> 0 | F7: =IF($I$11=0,0,H7/$I$11) -> 0 | G7: =$B$5*F7 -> 0 | H7: =E7*IF(D7="ELITE",$E$2,IF(D7="CHEST",$E$3,1)) -> 0 | I7: Alchemy Value | J7: 0
A8: Tokens per Chest | B8: 5 | D8: ELITE | E8: {=_xlfn.XLOOKUP($B$3,Weight_Editor!$A:$A,INDEX(Weight_Editor!$A:$Z,0,MATCH(D8,Weight_Editor!$1:$1,0)),0)} -> 0 | F8: =IF($I$11=0,0,H8/$I$11) -> 0 | G8: =$B$5*F8 -> 0 | H8: =E8*IF(D8="ELITE",$E$2,IF(D8="CHEST",$E$3,1)) -> 0
A9: Depth Multiplier | B9: 1 | D9: EVENT | E9: {=_xlfn.XLOOKUP($B$3,Weight_Editor!$A:$A,INDEX(Weight_Editor!$A:$Z,0,MATCH(D9,Weight_Editor!$1:$1,0)),0)} -> 0 | F9: =IF($I$11=0,0,H9/$I$11) -> 0 | G9: =$B$5*F9 -> 0 | H9: =E9*IF(D9="ELITE",$E$2,IF(D9="CHEST",$E$3,1)) -> 0 | I9: Total Tokenized Value / Run | J9: 0
A11: Note: HardMode TimerStartMult applies in Run_Budget (adjust there). | E11: Sum Weights | F11: 0 | H11: SumAdj | I11: =SUM(H4:H9) -> 0

Sheet Weight_Editor
A1: Biome | B1: COMBAT | C1: CHEST | D1: ALCHEMY | E1: RESCUE | F1: ELITE | G1: EVENT | H1: BOSS
A2: Withered Parish | B2: 1 | C2: 1 | D2: 0.8 | E2: 0.8 | F2: 1 | G2: 0.8 | H2: 1
A3: Dream Trenches | B3: 1 | C3: 0.9 | D3: 1.2 | E3: 0.9 | F3: 1.1 | G3: 1 | H3: 1
A4: Lantern Isles | B4: 1.2 | C4: 1.1 | D4: 0.6 | E4: 0.7 | F4: 0.8 | G4: 1 | H4: 1
A6: Note: Edit these weights directly; Dashboard reads from Weight_Editor.

Sheet Risk_Inputs
A1: Key | B1: Value | C1: Notes
A2: HardMode | B2: 0 | C2: 0=Off, 1=On (increases difficulty)
A3: CursedBiome | B3: 0 | C3: 0=Off, 1=On (adds corruption flavor)
A4: EliteFreqMult | B4: =IF(B2=1,1.2,1.0) -> 0 | C4: Multiplier for Elite room weight (HardMode)
A5: ChestFreqMult | B5: =IF(B2=1,0.85,1.0) -> 0 | C5: Multiplier for Chest room weight (HardMode)
A6: TimerStartMult | B6: =IF(B2=1,0.85,1.0) -> 0 | C6: Multiplier for TimerStart (HardMode)
A7: MishapBiasAdd | B7: =0.10+IF(B3=1,0.05,0) -> 0 | C7: Adds to Alchemy mishap bias (base 0.10 + CursedBiome 0.05)
