Workbook

Sheet Increase_Events
A1: Category | B1: Event | C1: Base Change | D1: Conditional Modifiers | E1: Notes
A2: Care / Feeding | B2: Feed a ghost an Offering | C2: 5 | D2: +2 if Bright; +1 if Bond ≥ 3 | E2: Warm bellies, warmer hearts.
A3: Care / Feeding | B3: Feed Ectofruit (full appetite) | C3: 10 | D3: +5 if Mournful | E3: Ectofruit tastes like childhood and lightning.
A4: Care / Feeding | B4: Serve a warm drink at dusk | C4: 4 | D4: +2 if Lonely; +1 if night is rainy | E4: Tea-steam curls like a ghost’s smile.
A5: Care / Feeding | B5: Share a sweet (honey pebble) | C5: 3 | D5: +2 if Trickster; -1 if Cold | E5: Sticky fingers, sticky souls.
A6: Care / Feeding | B6: Midnight snack patrol | C6: 2 | D6: +2 if Anxious; -1 if caught by Sentinel | E6: ‘Who ate the last bun?’ ‘…ghosts.’
A7: Social / Bonding | B7: Gift a small trinket | C7: 4 | D7: +2 if Trickster or Lonely | E7: ‘It’s nothing.’ (It’s everything.)
A8: Social / Bonding | B8: Gift a charm fragment keepsake | C8: 6 | D8: +2 if Mournful | E8: Pocket thunder for brave little hearts.
A9: Social / Bonding | B9: Storytime / Campfire | C9: 6 | D9: +2 if Bright nearby; +1 per Lament Lily in radius | E9: Laughter is a ward against the dark.
A10: Social / Bonding | B10: Hug (consensual, spectral) | C10: 3 | D10: +2 if Bond ≥ 2; -2 if Cold | E10: Arms full of static and relief.
A11: Social / Bonding | B11: Play tag in the garden | C11: 5 | D11: +2 if Trickster; +1 if lanterns lit | E11: Haunt and seek.
A12: Social / Bonding | B12: Place fresh flowers at grave-bed | C12: 5 | D12: +2 if Mournful; +1 if Whisperbloom | E12: Petals remember what we forget.
A13: Social / Bonding | B13: Compliment someone’s sheet | C13: 2 | D13: +2 if Fashionista; -1 if Spiteful | E13: ‘You’re glowing!’ ‘It’s the ecto.’
... A39: Funny / Dark | B39: Candlelit choir (off-key) | C39: 2 | D39: +1 if Fanatic leads; -1 if Cold present | E39: Haunting in E minor.

Sheet Decrease_Events
A1: Category | B1: Event | C1: Base Change | D1: Conditional Modifiers | E1: Notes
A2: Neglect | B2: Starving (Appetite = 0) | C2: -10 | D2: -15 if Gloomy or Fanatic | E2: Hunger gnaws through sheet and soul.
A3: Neglect | B3: Uncleaned Manifest puddle nearby | C3: -5 | D3: -2 if Cold; -8 if Bright | E3: Cold toes. Colder moods.
A4: Neglect | B4: No lantern coverage at night | C4: -5 | D4: -2 if Lonely; -10 if Anxious | E4: Shadows do pushups.
A5: Neglect | B5: Ignored request | C5: -8 | D5: -12 if Trickster or Bright | E5: ‘You heard me not at all.’
A6: Neglect | B6: Failed request | C6: -15 | D6: -20 if Bond ≥ 3 | E6: Promises are fragile.
A7: Neglect | B7: Missed Feast day | C7: -10 | D7: -5 if Cold | E7: Rumbles you can hear.
A8: Ritual | B8: Binding (unwilling) | C8: -15 | D8: -5 if Fanatic | E8: Anchor burns.
A9: Ritual | B9: Banish ghost publicly | C9: -25 | D9: -10 if Stoic, -30 if Bright | E9: Silence falls like a gavel.
A10: Ritual | B10: Sacrifice-y event without belief | C10: -10 | D10: -5 if Fanatic, -15 if Spiteful watching | E10: Philosophical indigestion.
A11: World / Decay | B11: Unrepaired building damage | C11: -5 | D11: -3 if Stoic | E11: Cracks invite whispers.
A12: World / Decay | B12: Night surge without lantern | C12: -15 | D12: -10 if Cold; -20 if Bright | E12: Panic is contagious.
A13: World / Decay | B13: Rot puddle within rest zone | C13: -8 | D13: -4 if Warded Chamber nearby | E13: Smells like yesterday’s regrets.
... A23: Funny / Dark | B23: Trip on your own ecto-mop | C23: -2 | D23: +2 if everyone laughs together | E23: Comedy cures… mostly.

Sheet Modifiers
A1: Type | B1: Name | C1: Effect | D1: Notes
A2: Temperament | B2: Bright | C2: +10% to positive events; -10% to negative | D2: Spreads cheer in small radius
A3: Temperament | B3: Mournful | C3: +5 flat on Release/Grave tending; +2 on Whisperbloom | D3: When seen, the garden sighs in relief
A4: Temperament | B4: Trickster | C4: ±20% variance on social & gift events | D4: Adds ‘prank ripple’ (+/-1 to nearby)
A5: Temperament | B5: Spiteful | C5: -10% to positive; +5 on repairs done right | D5: Respect is earned loudly
A6: Temperament | B6: Cold | C6: +10% work success events; ignores some socials | D6: Likes lanterns; dislikes compliments
A7: Temperament | B7: Gloomy | C7: -5 on Feast & decor; +3 on cleanup streaks | D7: Melancholy maintenance
A8: Temperament | B8: Lonely | C8: +10% on hugs/companionship; -10% on isolation | D8: Pair them near beds/campfires
A9: Temperament | B9: Anxious | C9: +10% when given structure; -10% when idle | D9: Checklist is a love letter
A10: Temperament | B10: Stoic | C10: +5 on task completion; -5 on pranks | D10: Nods are basically applause
A11: Trait | B11: Materialistic | C11: +2 on bed/shelter upgrades | D11: The finer shrouds
A12: Trait | B12: Fashionista | C12: +3 when receiving unique robe | D12: ‘It has pockets (of despair).’
... A21: Context | B21: Garden Auras | C21: +0.2–0.5 / min in bloom | D21: Mirthpetal boosts Bond XP too

Sheet Special_Systems
A1: System | B1: Behavior | C1: Effect on Contentment | D1: Notes
A2: Lanterns | B2: Ghosts in calm radius gain +1 / min Contentment; negatives dampened by 40–50%. | C2: Lighting tier and time of day | D2: Place near beds and busy stations.
A3: Rot & Contagion | B3: Standing near Rot: -1 / min; Cleansing flips to +1 for the next minute (relief). | C3: Cleansing ritual; Janitor streaks | D3: Use lanterns to slow spread until cleaned.
A4: Harmony Tiers | B4: Calm/Steady/Wobbly/Frayed apply global multipliers to gains/losses. | C4: Daily Harmony score | D4: Shown on bedtime banner; grants next-day Grace bonus.
A5: Garden Auras | B5: Bloom auras add +0.2–0.5 / min; Lament Lily reduces Flicker at night. | C5: Flower type & fertilizer | D5: Decor + function with cute/creepy flavor.
A6: Campfire / Storytime | B6: +6 burst and small Bond XP to attendees; more at dusk. | C6: Storyteller presence | D6: Stack with lantern calm to buffer night.
A7: Companion Mood (Runs) | B7: Happy companion reduces mishaps and adds passive drops; grumpy companion spawns pranks. | C7: Bond level; Temperament | D7: Talking solves almost everything.
A8: Ritual Momentum | B8: Doing rituals in sequence adds +1–3 to gains for the day (soft streak). | C8: Cooldown management | D8: Caution: night rituals still spook (-15).

Sheet Temperament_Tuning
A1: Type | B1: Name | C1: PositiveMultiplier | D1: NegativeMultiplier | E1: SocialBias | F1: WorkBias | G1: Notes
A2: Temperament | B2: Bright | C2: 1.15 | D2: 0.9 | E2: 1.2 | F2: 0.9 | G2: Beaming chaos; spreads cheer to nearby.
A3: Temperament | B3: Mournful | C3: 1.05 | D3: 0.95 | E3: 0.9 | F3: 1.1 | G3: Grief-tender; flowers and Releases hit harder.
A4: Temperament | B4: Trickster | C4: 1 | D4: 1 | E4: 1.3 | F4: 0.9 | G4: Unreliable fun; ± variance handled narratively.
A5: Temperament | B5: Spiteful | C5: 0.9 | D5: 1.1 | E5: 0.6 | F5: 1.2 | G5: Respect through competence; hates cutesy events.
A6: Temperament | B6: Cold | C6: 1 | D6: 1 | E6: 0.5 | F6: 1.2 | G6: Ignores fluff; loves lantern discipline.
A7: Temperament | B7: Gloomy | C7: 0.95 | D7: 1.05 | E7: 0.8 | F7: 1 | G7: Melancholy maintenance; cleanup feels good.
A8: Temperament | B8: Lonely | C8: 1.1 | D8: 0.9 | E8: 1.2 | F8: 0.95 | G8: Thrives near people and light.
A9: Temperament | B9: Anxious | C9: 1.05 | D9: 1.1 | E9: 0.9 | F9: 1.1 | G9: Checklist calm; idle panic.
A10: Temperament | B10: Stoic | C10: 1 | D10: 1 | E10: 0.8 | F10: 1.1 | G10: Steady output; scowls at pranks.
A11: Trait | B11: Materialistic | C11: 1.1 | D11: 1 | E11: 0.9 | F11: 1 | G11: Loves upgrades & beds.
A12: Trait | B12: Fanatic | C12: 1.3 | D12: 1.2 | E12: 0.7 | F12: 1.1 | G12: Ritual highs and lows amplified.
A13: Global | B13: HarmonyTier | C13: 1 | D13: 1 | E13: 1 | F13: 1 | G13: Multiplier applied via Harmony Tier choice in Simulator.

Sheet Harmony_Mults
A1: HarmonyTier | B1: Multiplier | C1: Banner
A2: Calm | B2: 1.2 | C2: Peace, for now.
A3: Steady | B3: 1.1 | C3: We held together.
A4: Wobbly | B4: 1.05 | C4: A near thing.
A5: Frayed | B5: 0.9 | C5: Barely holding on.

Sheet Events_Index
A1: Event | B1: Category | C1: Base | D1: Modifiers | E1: Polarity | F1: Notes
A2: Feed a ghost an Offering | B2: Care / Feeding | C2: 5 | D2: +2 if Bright; +1 if Bond ≥ 3 | E2: Increase | F2: Warm bellies, warmer hearts.
A3: Feed Ectofruit (full appetite) | B3: Care / Feeding | C3: 10 | D3: +5 if Mournful | E3: Increase | F3: Ectofruit tastes like childhood and lightning.
A4: Serve a warm drink at dusk | B4: Care / Feeding | C4: 4 | D4: +2 if Lonely; +1 if night is rainy | E4: Increase | F4: Tea-steam curls like a ghost’s smile.
A5: Share a sweet (honey pebble) | B5: Care / Feeding | C5: 3 | D5: +2 if Trickster; -1 if Cold | E5: Increase | F5: Sticky fingers, sticky souls.
A6: Midnight snack patrol | B6: Care / Feeding | C6: 2 | D6: +2 if Anxious; -1 if caught by Sentinel | E6: Increase | F6: ‘Who ate the last bun?’ ‘…ghosts.’
A7: Gift a small trinket | B7: Social / Bonding | C7: 4 | D7: +2 if Trickster or Lonely | E7: Increase | F7: ‘It’s nothing.’ (It’s everything.)
A8: Gift a charm fragment keepsake | B8: Social / Bonding | C8: 6 | D8: +2 if Mournful | E8: Increase | F8: Pocket thunder for brave little hearts.
A9: Storytime / Campfire | B9: Social / Bonding | C9: 6 | D9: +2 if Bright nearby; +1 per Lament Lily in radius | E9: Increase | F9: Laughter is a ward against the dark.
A10: Hug (consensual, spectral) | B10: Social / Bonding | C10: 3 | D10: +2 if Bond ≥ 2; -2 if Cold | E10: Increase | F10: Arms full of static and relief.
A11: Play tag in the garden | B11: Social / Bonding | C11: 5 | D11: +2 if Trickster; +1 if lanterns lit | E11: Increase | F11: Haunt and seek.
A12: Place fresh flowers at grave-bed | B12: Social / Bonding | C12: 5 | D12: +2 if Mournful; +1 if Whisperbloom | E12: Increase | F12: Petals remember what we forget.
A13: Compliment someone’s sheet | B13: Social / Bonding | C13: 2 | D13: +2 if Fashionista; -1 if Spiteful | E13: Increase | F13: ‘You’re glowing!’ ‘It’s the ecto.’
... A61: Trip on your own ecto-mop | B61: Funny / Dark | C61: -2 | D61: +2 if everyone laughs together | E61: Decrease | F61: Comedy cures… mostly.

Sheet Tag_Map
A1: Category | B1: Tag
A2: Care / Feeding | B2: Care
A3: Social / Bonding | B3: Social
A4: Work / Tasks | B4: Work
A5: Requests | B5: Requests
A6: Rituals | B6: Ritual
A7: Environment / Comfort | B7: Environment
A8: Harmony / Global | B8: Harmony
A9: Dungeon / Adventure | B9: Dungeon
A10: Funny / Dark | B10: Humor
A11: Neglect | B11: Neglect
A12: World / Decay | B12: World
... A15: Ritual | B15: Ritual

Sheet Tag_Weights
A1: Tag | B1: Weight | C1: Notes
A2: Care | B2: 1 | C2: Feeding/comfort care events
A3: Social | B3: 1 | C3: Group/social bonding activities
A4: Work | B4: 1 | C4: Task/work success and cleanup
A5: Requests | B5: 1 | C5: Personal favors and mini-quests
A6: Ritual | B6: 1 | C6: Altar ceremonies and effects
A7: Environment | B7: 1 | C7: Decor/lighting/build upgrades
A8: Harmony | B8: 1 | C8: Daily tier multipliers, banners
A9: Dungeon | B9: 1 | C9: On-run events and rescues
A10: Humor | B10: 1 | C10: Silly/chaotic moments
A11: Neglect | B11: 1 | C11: Neglect penalties (hunger, no lanterns)
A12: World | B12: 1 | C12: Decay, rot, damage, night surges
A13: Conflict | B13: 1 | C13: Fights, scolding, harsh choices

Sheet Net_Day_Simulator
A1: Harmony Tier | B1: {=_xlfn.XLOOKUP($C$1,Harmony_Mults!$A:$A,Harmony_Mults!$B:$B,1)} -> 0
A3: Event | B3: Category | C3: Tag | D3: Base Change | E3: Conditional Modifiers | F3: Count | G3: Temperament | H3: Adjusted Δ | I3: Notes
B4: {=IFERROR(_xlfn.XLOOKUP($A4,Events_Index!$A:$A,Events_Index!$B:$B,""),"")} -> 0 | C4: {=IFERROR(_xlfn.XLOOKUP($B4,Tag_Map!$A:$A,Tag_Map!$B:$B,""),"")} | D4: {=IFERROR(_xlfn.XLOOKUP($A4,Events_Index!$A:$A,Events_Index!$C:$C,""),"")} -> 0 | E4: {=IFERROR(_xlfn.XLOOKUP($A4,Events_Index!$A:$A,Events_Index!$D:$D,""),"")} -> 0 | F4: 1 | H4: {=IF($A4="",0, VALUE(SUBSTITUTE($D4,"+",""))*IF(LEFT($D4,1)="-", _xlfn.XLOOKUP($G4,Temperament_Tuning!$B:$B,Temperament_Tuning!$D:$D,1), _xlfn.XLOOKUP($G4,Temperament_Tuning!$B:$B,Temperament_Tuning!$C:$C,1))* $B$1* IF($C4="",1,_xlfn.XLOOKUP($C4,Tag_Weights!$A:$A,Tag_Weights!$B:$B,1))* $F4 )} -> 0 | I4: {=IFERROR(_xlfn.XLOOKUP($A4,Events_Index!$A:$A,Events_Index!$F:$F,""),"")} -> 0
B5: {=IFERROR(_xlfn.XLOOKUP($A5,Events_Index!$A:$A,Events_Index!$B:$B,""),"")} -> 0 | C5: {=IFERROR(_xlfn.XLOOKUP($B5,Tag_Map!$A:$A,Tag_Map!$B:$B,""),"")} | D5: {=IFERROR(_xlfn.XLOOKUP($A5,Events_Index!$A:$A,Events_Index!$C:$C,""),"")} -> 0 | E5: {=IFERROR(_xlfn.XLOOKUP($A5,Events_Index!$A:$A,Events_Index!$D:$D,""),"")} -> 0 | F5: 1 | H5: {=IF($A5="",0, VALUE(SUBSTITUTE($D5,"+",""))*IF(LEFT($D5,1)="-", _xlfn.XLOOKUP($G5,Temperament_Tuning!$B:$B,Temperament_Tuning!$D:$D,1), _xlfn.XLOOKUP($G5,Temperament_Tuning!$B:$B,Temperament_Tuning!$C:$C,1))* $B$1* IF($C5="",1,_xlfn.XLOOKUP($C5,Tag_Weights!$A:$A,Tag_Weights!$B:$B,1))* $F5 )} -> 0 | I5: {=IFERROR(_xlfn.XLOOKUP($A5,Events_Index!$A:$A,Events_Index!$F:$F,""),"")} -> 0
B6: {=IFERROR(_xlfn.XLOOKUP($A6,Events_Index!$A:$A,Events_Index!$B:$B,""),"")} -> 0 | C6: {=IFERROR(_xlfn.XLOOKUP($B6,Tag_Map!$A:$A,Tag_Map!$B:$B,""),"")} | D6: {=IFERROR(_xlfn.XLOOKUP($A6,Events_Index!$A:$A,Events_Index!$C:$C,""),"")} -> 0 | E6: {=IFERROR(_xlfn.XLOOKUP($A6,Events_Index!$A:$A,Events_Index!$D:$D,""),"")} -> 0 | F6: 1 | H6: {=IF($A6="",0, VALUE(SUBSTITUTE($D6,"+",""))*IF(LEFT($D6,1)="-", _xlfn.XLOOKUP($G6,Temperament_Tuning!$B:$B,Temperament_Tuning!$D:$D,1), _xlfn.XLOOKUP($G6,Temperament_Tuning!$B:$B,Temperament_Tuning!$C:$C,1))* $B$1* IF($C6="",1,_xlfn.XLOOKUP($C6,Tag_Weights!$A:$A,Tag_Weights!$B:$B,1))* $F6 )} -> 0 | I6: {=IFERROR(_xlfn.XLOOKUP($A6,Events_Index!$A:$A,Events_Index!$F:$F,""),"")} -> 0
B7: {=IFERROR(_xlfn.XLOOKUP($A7,Events_Index!$A:$A,Events_Index!$B:$B,""),"")} -> 0 | C7: {=IFERROR(_xlfn.XLOOKUP($B7,Tag_Map!$A:$A,Tag_Map!$B:$B,""),"")} | D7: {=IFERROR(_xlfn.XLOOKUP($A7,Events_Index!$A:$A,Events_Index!$C:$C,""),"")} -> 0 | E7: {=IFERROR(_xlfn.XLOOKUP($A7,Events_Index!$A:$A,Events_Index!$D:$D,""),"")} -> 0 | F7: 1 | H7: {=IF($A7="",0, VALUE(SUBSTITUTE($D7,"+",""))*IF(LEFT($D7,1)="-", _xlfn.XLOOKUP($G7,Temperament_Tuning!$B:$B,Temperament_Tuning!$D:$D,1), _xlfn.XLOOKUP($G7,Temperament_Tuning!$B:$B,Temperament_Tuning!$C:$C,1))* $B$1* IF($C7="",1,_xlfn.XLOOKUP($C7,Tag_Weights!$A:$A,Tag_Weights!$B:$B,1))* $F7 )} -> 0 | I7: {=IFERROR(_xlfn.XLOOKUP($A7,Events_Index!$A:$A,Events_Index!$F:$F,""),"")} -> 0
B8: {=IFERROR(_xlfn.XLOOKUP($A8,Events_Index!$A:$A,Events_Index!$B:$B,""),"")} -> 0 | C8: {=IFERROR(_xlfn.XLOOKUP($B8,Tag_Map!$A:$A,Tag_Map!$B:$B,""),"")} | D8: {=IFERROR(_xlfn.XLOOKUP($A8,Events_Index!$A:$A,Events_Index!$C:$C,""),"")} -> 0 | E8: {=IFERROR(_xlfn.XLOOKUP($A8,Events_Index!$A:$A,Events_Index!$D:$D,""),"")} -> 0 | F8: 1 | H8: {=IF($A8="",0, VALUE(SUBSTITUTE($D8,"+",""))*IF(LEFT($D8,1)="-", _xlfn.XLOOKUP($G8,Temperament_Tuning!$B:$B,Temperament_Tuning!$D:$D,1), _xlfn.XLOOKUP($G8,Temperament_Tuning!$B:$B,Temperament_Tuning!$C:$C,1))* $B$1* IF($C8="",1,_xlfn.XLOOKUP($C8,Tag_Weights!$A:$A,Tag_Weights!$B:$B,1))* $F8 )} -> 0 | I8: {=IFERROR(_xlfn.XLOOKUP($A8,Events_Index!$A:$A,Events_Index!$F:$F,""),"")} -> 0
B9: {=IFERROR(_xlfn.XLOOKUP($A9,Events_Index!$A:$A,Events_Index!$B:$B,""),"")} -> 0 | C9: {=IFERROR(_xlfn.XLOOKUP($B9,Tag_Map!$A:$A,Tag_Map!$B:$B,""),"")} | D9: {=IFERROR(_xlfn.XLOOKUP($A9,Events_Index!$A:$A,Events_Index!$C:$C,""),"")} -> 0 | E9: {=IFERROR(_xlfn.XLOOKUP($A9,Events_Index!$A:$A,Events_Index!$D:$D,""),"")} -> 0 | F9: 1 | H9: {=IF($A9="",0, VALUE(SUBSTITUTE($D9,"+",""))*IF(LEFT($D9,1)="-", _xlfn.XLOOKUP($G9,Temperament_Tuning!$B:$B,Temperament_Tuning!$D:$D,1), _xlfn.XLOOKUP($G9,Temperament_Tuning!$B:$B,Temperament_Tuning!$C:$C,1))* $B$1* IF($C9="",1,_xlfn.XLOOKUP($C9,Tag_Weights!$A:$A,Tag_Weights!$B:$B,1))* $F9 )} -> 0 | I9: {=IFERROR(_xlfn.XLOOKUP($A9,Events_Index!$A:$A,Events_Index!$F:$F,""),"")} -> 0
B10: {=IFERROR(_xlfn.XLOOKUP($A10,Events_Index!$A:$A,Events_Index!$B:$B,""),"")} -> 0 | C10: {=IFERROR(_xlfn.XLOOKUP($B10,Tag_Map!$A:$A,Tag_Map!$B:$B,""),"")} | D10: {=IFERROR(_xlfn.XLOOKUP($A10,Events_Index!$A:$A,Events_Index!$C:$C,""),"")} -> 0 | E10: {=IFERROR(_xlfn.XLOOKUP($A10,Events_Index!$A:$A,Events_Index!$D:$D,""),"")} -> 0 | F10: 1 | H10: {=IF($A10="",0, VALUE(SUBSTITUTE($D10,"+",""))*IF(LEFT($D10,1)="-", _xlfn.XLOOKUP($G10,Temperament_Tuning!$B:$B,Temperament_Tuning!$D:$D,1), _xlfn.XLOOKUP($G10,Temperament_Tuning!$B:$B,Temperament_Tuning!$C:$C,1))* $B$1* IF($C10="",1,_xlfn.XLOOKUP($C10,Tag_Weights!$A:$A,Tag_Weights!$B:$B,1))* $F10 )} -> 0 | I10: {=IFERROR(_xlfn.XLOOKUP($A10,Events_Index!$A:$A,Events_Index!$F:$F,""),"")} -> 0
B11: {=IFERROR(_xlfn.XLOOKUP($A11,Events_Index!$A:$A,Events_Index!$B:$B,""),"")} -> 0 | C11: {=IFERROR(_xlfn.XLOOKUP($B11,Tag_Map!$A:$A,Tag_Map!$B:$B,""),"")} | D11: {=IFERROR(_xlfn.XLOOKUP($A11,Events_Index!$A:$A,Events_Index!$C:$C,""),"")} -> 0 | E11: {=IFERROR(_xlfn.XLOOKUP($A11,Events_Index!$A:$A,Events_Index!$D:$D,""),"")} -> 0 | F11: 1 | H11: {=IF($A11="",0, VALUE(SUBSTITUTE($D11,"+",""))*IF(LEFT($D11,1)="-", _xlfn.XLOOKUP($G11,Temperament_Tuning!$B:$B,Temperament_Tuning!$D:$D,1), _xlfn.XLOOKUP($G11,Temperament_Tuning!$B:$B,Temperament_Tuning!$C:$C,1))* $B$1* IF($C11="",1,_xlfn.XLOOKUP($C11,Tag_Weights!$A:$A,Tag_Weights!$B:$B,1))* $F11 )} -> 0 | I11: {=IFERROR(_xlfn.XLOOKUP($A11,Events_Index!$A:$A,Events_Index!$F:$F,""),"")} -> 0
B12: {=IFERROR(_xlfn.XLOOKUP($A12,Events_Index!$A:$A,Events_Index!$B:$B,""),"")} -> 0 | C12: {=IFERROR(_xlfn.XLOOKUP($B12,Tag_Map!$A:$A,Tag_Map!$B:$B,""),"")} | D12: {=IFERROR(_xlfn.XLOOKUP($A12,Events_Index!$A:$A,Events_Index!$C:$C,""),"")} -> 0 | E12: {=IFERROR(_xlfn.XLOOKUP($A12,Events_Index!$A:$A,Events_Index!$D:$D,""),"")} -> 0 | F12: 1 | H12: {=IF($A12="",0, VALUE(SUBSTITUTE($D12,"+",""))*IF(LEFT($D12,1)="-", _xlfn.XLOOKUP($G12,Temperament_Tuning!$B:$B,Temperament_Tuning!$D:$D,1), _xlfn.XLOOKUP($G12,Temperament_Tuning!$B:$B,Temperament_Tuning!$C:$C,1))* $B$1* IF($C12="",1,_xlfn.XLOOKUP($C12,Tag_Weights!$A:$A,Tag_Weights!$B:$B,1))* $F12 )} -> 0 | I12: {=IFERROR(_xlfn.XLOOKUP($A12,Events_Index!$A:$A,Events_Index!$F:$F,""),"")} -> 0
B13: {=IFERROR(_xlfn.XLOOKUP($A13,Events_Index!$A:$A,Events_Index!$B:$B,""),"")} -> 0 | C13: {=IFERROR(_xlfn.XLOOKUP($B13,Tag_Map!$A:$A,Tag_Map!$B:$B,""),"")} | D13: {=IFERROR(_xlfn.XLOOKUP($A13,Events_Index!$A:$A,Events_Index!$C:$C,""),"")} -> 0 | E13: {=IFERROR(_xlfn.XLOOKUP($A13,Events_Index!$A:$A,Events_Index!$D:$D,""),"")} -> 0 | F13: 1 | H13: {=IF($A13="",0, VALUE(SUBSTITUTE($D13,"+",""))*IF(LEFT($D13,1)="-", _xlfn.XLOOKUP($G13,Temperament_Tuning!$B:$B,Temperament_Tuning!$D:$D,1), _xlfn.XLOOKUP($G13,Temperament_Tuning!$B:$B,Temperament_Tuning!$C:$C,1))* $B$1* IF($C13="",1,_xlfn.XLOOKUP($C13,Tag_Weights!$A:$A,Tag_Weights!$B:$B,1))* $F13 )} -> 0 | I13: {=IFERROR(_xlfn.XLOOKUP($A13,Events_Index!$A:$A,Events_Index!$F:$F,""),"")} -> 0
B14: {=IFERROR(_xlfn.XLOOKUP($A14,Events_Index!$A:$A,Events_Index!$B:$B,""),"")} -> 0 | C14: {=IFERROR(_xlfn.XLOOKUP($B14,Tag_Map!$A:$A,Tag_Map!$B:$B,""),"")} | D14: {=IFERROR(_xlfn.XLOOKUP($A14,Events_Index!$A:$A,Events_Index!$C:$C,""),"")} -> 0 | E14: {=IFERROR(_xlfn.XLOOKUP($A14,Events_Index!$A:$A,Events_Index!$D:$D,""),"")} -> 0 | F14: 1 | H14: {=IF($A14="",0, VALUE(SUBSTITUTE($D14,"+",""))*IF(LEFT($D14,1)="-", _xlfn.XLOOKUP($G14,Temperament_Tuning!$B:$B,Temperament_Tuning!$D:$D,1), _xlfn.XLOOKUP($G14,Temperament_Tuning!$B:$B,Temperament_Tuning!$C:$C,1))* $B$1* IF($C14="",1,_xlfn.XLOOKUP($C14,Tag_Weights!$A:$A,Tag_Weights!$B:$B,1))* $F14 )} -> 0 | I14: {=IFERROR(_xlfn.XLOOKUP($A14,Events_Index!$A:$A,Events_Index!$F:$F,""),"")} -> 0
B15: {=IFERROR(_xlfn.XLOOKUP($A15,Events_Index!$A:$A,Events_Index!$B:$B,""),"")} -> 0 | C15: {=IFERROR(_xlfn.XLOOKUP($B15,Tag_Map!$A:$A,Tag_Map!$B:$B,""),"")} | D15: {=IFERROR(_xlfn.XLOOKUP($A15,Events_Index!$A:$A,Events_Index!$C:$C,""),"")} -> 0 | E15: {=IFERROR(_xlfn.XLOOKUP($A15,Events_Index!$A:$A,Events_Index!$D:$D,""),"")} -> 0 | F15: 1 | H15: {=IF($A15="",0, VALUE(SUBSTITUTE($D15,"+",""))*IF(LEFT($D15,1)="-", _xlfn.XLOOKUP($G15,Temperament_Tuning!$B:$B,Temperament_Tuning!$D:$D,1), _xlfn.XLOOKUP($G15,Temperament_Tuning!$B:$B,Temperament_Tuning!$C:$C,1))* $B$1* IF($C15="",1,_xlfn.XLOOKUP($C15,Tag_Weights!$A:$A,Tag_Weights!$B:$B,1))* $F15 )} -> 0 | I15: {=IFERROR(_xlfn.XLOOKUP($A15,Events_Index!$A:$A,Events_Index!$F:$F,""),"")} -> 0
G17: Net Δ | H17: =SUM(H4:H15) -> 0
G18: Harmony Tier Result | H18: =IF($B$1>=1.2,"Calm",IF($B$1>=1.1,"Steady",IF($B$1>=1.05,"Wobbly","Frayed"))) -> Frayed
G19: Banner | H19: {=_xlfn.XLOOKUP($G$1,Harmony_Mults!$B:$B,Harmony_Mults!$C:$C,"" )} -> 0
